Запит,Частота,04.03.2026,03.02.2026,06.01.2026,04.12.2025,06.11.2025 ,06.10.2025 ,08.09.2025 ,07.08.2025 ,14.07.2025
crm система як працювати,260,101,101,101,101,101,101,101,101,101
українська crm система,260,3,3,3,3,3,3,4,7,9
срм системи,210,62,101,101,101,101,101,101,83,101
українська crm,170,2,3,3,3,3,4,4,7,11
українські crm,170,6,5,4,5,4,5,6,37,12
crm системи,150,41,41,101,46,42,101,101,86,101
ведення crm,150,101,101,17,10,101,101,101,101,101
crm для продаж,100,101,101,101,101,101,101,101,101,101
crm для товарки,100,101,101,101,101,101,101,101,101,101
crm расшифровка,100,101,101,101,101,101,101,101,101,101
настройка crm,100,101,101,101,101,101,101,101,101,101
crm система для товарного бинеса,90,101,101,101,101,101,101,101,101,101
crm система приклад,90,101,101,101,101,101,101,101,101,101
сіерем система,90,101,29,29,30,101,101,101,101,101
crm для бізнесу,80,101,101,101,101,40,43,42,101,101
crm для дропшиппинга,80,101,101,101,101,101,101,101,101,101
crm для магазину,80,101,101,101,101,101,101,101,101,101
crm для одностраничников,70,101,101,101,101,101,101,101,101,101
crm система для маркетплейсов,70,101,101,101,101,101,101,101,101,101
українські crm системи,70,6,5,6,6,3,6,6,10,11
crm менеджер,60,101,101,101,101,101,101,101,101,101
crm wordpress,50,101,101,101,101,101,101,101,101,101
crm wp,50,101,101,101,101,101,101,101,101,101
crm для інтернет магазину,50,101,101,101,101,101,101,101,101,101
crm для юристів,50,101,25,27,51,25,22,38,37,14
crm українська,50,3,4,3,3,4,5,4,7,9
лучшие crm системы,50,101,101,101,101,101,101,101,101,101
програма crm,50,58,101,101,101,101,101,101,101,101
українські срм системи,50,9,9,9,7,5,7,8,12,11
crm marketing,40,101,101,101,101,101,101,101,101,101
crm online,40,101,101,101,101,101,101,101,101,101
crm platform,40,101,101,101,101,101,101,101,101,101
crm для виробництва,40,101,101,101,101,101,101,101,101,101
crm для малого бізнесу,40,101,101,80,101,101,101,101,101,101
crm для новичка,40,101,101,101,101,101,101,101,101,101
crm для продажів,40,101,101,101,101,101,101,101,101,101
crm для сто,40,101,101,101,101,101,101,101,101,101
crm нова пошта,40,101,101,101,101,101,101,101,101,101
crm система для інтернет магазинів,40,101,101,101,101,101,101,101,101,101
crm система для отдела продаж,40,101,101,101,101,101,101,101,101,101
crm система навчання,40,101,101,101,101,101,101,101,101,101
crm система приклади,40,101,101,101,101,101,101,101,101,101
crm системи в україні,40,15,33,24,8,7,7,9,65,101
впровадити crm,40,101,101,34,101,101,101,101,101,101
выбор crm,40,101,101,101,101,101,101,101,101,101
выбрать crm систему,40,101,101,101,101,101,101,101,101,101
когда подключать crm систему,40,101,101,101,101,101,101,101,101,101
мегаплант,40,101,101,101,101,101,101,101,101,101
навіщо потрібна crm,40,101,101,101,101,101,101,101,101,101
настройка crm системы,40,101,101,101,101,101,101,101,101,101
обзор crm,40,101,101,101,101,101,101,101,101,101
обзор crm систем,40,101,101,101,101,101,101,101,101,101
crm wiki,30,101,101,101,101,101,101,101,101,101
crm для b2b,30,101,101,9,101,101,101,101,101,101
crm для послуг,30,101,54,101,101,30,101,39,40,46
crm для товарного бізнесу,30,101,101,101,101,101,101,101,101,101
crm лид форма,30,101,101,101,101,101,101,101,101,101
crm розшифровка,30,101,101,101,101,101,101,101,101,101
crm система для бізнесу,30,101,101,101,101,77,43,42,78,101
crm система для оптових та роздрібних продажів,30,101,101,101,101,76,69,55,101,101
crm система обучение,30,101,101,101,101,101,101,101,101,101
crm системи які є,30,101,101,101,101,101,101,101,101,101
автоматизация crm,30,101,101,101,101,88,87,88,86,101
автоматизація crm,30,48,94,7,101,89,101,82,88,101
автоматизація бізнесу crm,30,101,101,101,101,101,101,101,101,101
анализ в crm,30,101,101,101,101,101,101,101,101,101
безкоштовна crm система,30,101,101,101,101,42,101,42,48,101
возможности crm,30,101,101,101,101,101,101,101,101,101
воровство в crm,30,101,101,101,101,101,101,101,101,101
воронка продажів в crm,30,9,101,90,101,73,101,101,101,101
захист від крадіжок в crm,30,101,101,101,101,101,101,101,101,101
захист замовлень crm,30,101,101,101,101,101,101,101,101,101
интеграция сайта crm,30,101,101,101,101,101,101,101,101,101
налаштування crm,30,101,101,101,101,101,101,101,101,101
налаштування користувача crm,30,101,101,101,101,101,101,101,101,101
налаштувати права доступу в crm,30,101,70,101,101,101,101,101,101,101
настроить права доступа в crm,30,101,101,101,101,101,101,101,101,101
підключення лендінгів до crm,30,101,101,101,101,101,101,101,101,101
права доступа в crm,30,101,101,101,101,101,101,101,101,101
программа crm,30,101,101,101,101,101,101,101,101,41
прро в crm системе,30,101,3,3,4,66,66,101,101,101
робота з crm системою,30,101,101,101,101,101,101,101,101,101
склад в crm,30,101,101,101,101,101,101,101,101,101
crm mobile,20,101,101,101,101,101,101,101,101,101
crm program,20,101,101,101,101,101,101,101,101,101
crm saas,20,61,98,101,101,101,101,101,101,101
crm для автосервиса,20,101,101,101,101,101,101,101,101,101
crm для нерухомості,20,101,17,17,20,9,10,9,12,14
crm єто,20,101,101,101,101,101,101,101,101,101
crm маркетинг,20,101,101,101,101,101,101,101,101,101
crm програми,20,101,101,101,101,101,101,101,101,101
crm система для продаж,20,101,101,101,101,101,101,101,101,101
crm системи приклади,20,101,101,101,101,101,101,101,101,101
crm українські,20,5,5,4,4,4,5,6,9,12
безкоштовна crm,20,101,101,101,101,20,21,22,28,101
безкоштовні crm системи,20,101,101,101,101,101,101,101,101,101
впровадження crm,20,101,101,101,101,101,101,101,101,101
робота в crm,20,101,101,101,101,18,101,25,21,101
робота в crm системі,20,101,72,101,56,74,76,71,65,101
системи crm,20,101,93,71,33,29,101,54,75,49
топ crm систем,20,101,101,101,101,101,101,101,101,101
crm mail,10,101,101,101,101,101,101,101,101,101
crm migration,10,101,101,101,101,101,101,101,101,101
crm mobil,10,101,101,101,101,17,22,101,101,101
crm no code,10,101,101,38,101,101,101,101,101,101
crm olx,10,101,101,101,101,101,101,101,101,101
crm opencart,10,101,101,101,101,101,101,101,101,101
crm prestashop,10,101,101,101,101,101,101,101,101,101
crm programm,10,101,101,101,101,101,101,101,101,101
crm project,10,101,101,101,101,101,101,101,101,101
crm ukraine,10,13,12,7,7,11,21,27,65,39
crm web,10,101,101,101,101,76,101,101,101,101
crm webinar,10,101,101,101,101,101,101,101,101,101
crm website,10,101,101,101,101,101,101,101,101,101
crm woocommerce,10,101,101,101,101,101,101,101,101,101
crm workflow,10,101,101,101,101,101,101,101,101,101
crm аббревиатура,10,101,101,101,101,101,101,101,101,101
crm акции,10,101,101,101,101,101,101,101,101,101
crm для instagram,10,101,40,101,101,101,101,101,101,101
crm для seo,10,101,101,101,101,101,101,101,101,101
crm для автомойки,10,101,101,101,101,101,101,55,101,101
crm для агентства недвижимости,10,101,101,101,101,101,101,101,101,101
crm для адвоката,10,101,101,101,101,101,101,101,101,101
crm для арбитража трафика,10,101,101,101,101,101,101,101,101,101
crm для барбершопа,10,101,101,101,101,101,101,101,101,101
crm для бухгалтера,10,101,101,101,101,101,101,101,101,101
crm для готелів,10,101,12,10,7,6,5,6,8,12
crm для друкарень,10,30,101,101,101,101,101,101,101,101
crm для запису клієнтів,10,49,13,101,101,101,101,101,101,101
crm для інстаграму,10,101,101,71,101,101,101,101,101,101
crm для кафе,10,101,101,101,94,101,101,101,101,101
crm для клиники,10,101,101,101,101,101,101,101,101,101
crm для колл центра,10,101,101,101,101,101,101,101,101,101
crm для косметолога,10,101,101,101,101,101,101,101,101,101
crm для косметологии,10,101,101,101,101,101,101,101,101,101
crm для логістики,10,101,101,101,86,101,32,34,101,101
crm для магазина одежды,10,101,101,101,101,101,101,101,101,101
crm для навчальних закладів,10,14,14,17,13,9,7,9,10,13
crm для производства,10,101,101,101,101,101,101,101,101,101
crm для психолога,10,101,101,101,101,101,101,101,101,101
crm для репетитора,10,101,101,101,101,101,101,101,101,101
crm для ресторанов,10,101,101,101,101,22,21,24,101,101
crm для розничной торговли,10,101,101,101,101,101,101,101,101,101
crm для стоматологии,10,101,101,101,101,101,101,101,101,101
crm для стоматології,10,101,101,101,50,23,30,31,101,101
crm для строительной компании,10,101,101,101,101,101,101,101,101,101
crm для телеграм,10,101,101,101,101,67,101,56,81,101
crm для торговли,10,101,101,101,101,101,101,101,101,101
crm для тренажерного зала,10,101,101,101,101,101,101,101,101,101
crm для тренера,10,101,101,101,101,101,101,101,101,101
crm для фітнес клубу,10,101,101,101,101,101,101,101,101,101
crm для фотостудии,10,101,101,101,101,101,101,101,101,101
crm для хостела,10,101,101,101,101,101,101,101,101,101
crm маркетолог,10,101,101,101,101,101,101,101,101,101
crm менеджер вакансии,10,101,101,101,101,101,101,101,101,101
crm менеджер зарплата,10,101,101,101,101,101,101,101,101,101
crm онлайн,10,63,101,101,101,19,19,21,23,101
crm отдел продаж,10,101,101,101,101,101,101,101,101,101
crm перевод,10,101,101,101,101,101,101,101,101,101
crm платформа,10,16,11,13,17,13,13,16,22,101
crm рішення,10,101,101,101,101,101,101,101,101,62
crm сайт,10,71,7,14,101,50,55,51,53,101
crm система вікіпедія,10,101,101,28,101,101,101,101,101,101
crm система віртуального офісу,10,101,101,101,101,38,65,71,101,101
crm система для інтернет магазину,10,101,101,101,101,101,101,101,101,101
crm система для ресторана,10,101,101,101,101,101,101,101,101,101
crm система для сто,10,101,101,101,101,101,101,101,101,101
crm система на телефон,10,101,101,101,101,101,101,101,101,101
crm система расшифровка,10,101,101,101,101,101,101,101,101,101
crm система цена украина,10,101,101,101,101,101,101,101,101,101
crm система ціна,10,101,91,101,101,101,101,101,101,101
crm система які є,10,101,37,101,101,32,101,57,56,56
crm системи мають три рівні,10,101,101,101,101,101,101,101,101,101
crm системы список,10,101,101,101,101,101,101,101,101,101
crm специалист,10,101,101,101,101,101,101,101,101,101
crm таблица,10,101,101,101,101,101,101,101,101,101
crm технології,10,101,101,17,101,101,101,101,101,101
crm топ,10,101,101,101,101,101,101,101,101,101
безкоштовний crm сайт,10,79,20,14,15,12,11,60,56,95
безкоштовні crm,10,101,101,101,101,101,32,101,34,101
ведение crm,10,101,101,101,101,101,101,101,101,101
ведення crm системи,10,101,101,11,7,101,101,101,101,101
виды crm систем,10,101,101,101,101,101,101,101,101,101
впровадження crm системи,10,101,101,58,101,101,101,101,101,101
дизайн crm системы,10,101,101,101,101,101,101,101,101,101
інструменти crm в системі дистрибуцією послуг,10,101,101,101,101,101,101,101,101,101
курсы crm,10,101,101,101,101,101,101,101,101,101
рейтинг crm,10,101,101,101,101,101,101,101,101,101
робота з crm,10,101,101,25,101,36,30,47,48,101
розробка crm,10,101,101,101,101,101,101,101,101,101
розробка crm системи,10,101,101,101,101,101,101,101,101,101
создание crm системы,10,101,101,101,101,101,101,101,101,101
срм для навчальних закладів,10,101,15,17,13,16,15,10,12,16
топ crm систем 2024,10,101,101,101,101,101,101,101,101,101
црм системи,10,29,25,41,38,16,101,69,101,60
crm система це,4000,101,76,40,54,55,49,25,101,40
crm це,1500,101,101,27,101,101,101,101,101,101
що таке crm система,350,101,101,17,101,101,101,101,101,101
ведення crm це,150,101,101,22,22,101,101,101,101,101
crm що це,70,101,101,24,101,101,101,101,101,101
що таке crm,60,101,101,17,101,71,66,67,73,101
crm системи це,50,101,101,18,101,101,101,101,101,101
crm система що це,40,101,101,30,66,101,101,101,101,42
програма crm що це,40,101,101,101,101,101,101,101,101,101
crm менеджер це,30,101,101,101,101,101,101,101,101,101
crm система це що таке,20,101,101,18,77,89,101,54,85,101
ведення crm що це,20,101,101,22,21,101,101,101,101,101
crm що це таке,20,101,101,19,101,66,45,54,65,101
що таке crm програма,20,101,101,82,101,101,101,101,101,101
що таке crm системи,20,101,101,14,101,101,101,101,101,101
crm system це,20,101,101,12,101,101,101,101,101,101
crm системи що це,10,101,101,42,101,101,101,101,101,101
що таке ведення crm,10,101,101,50,44,101,101,101,101,101
crm система це простими словами,10,101,101,38,101,101,101,54,101,101
робота в crm це,10,101,101,101,101,20,101,101,23,101
crm програма це,10,101,101,101,101,101,101,101,101,101
що є рушійною силою торгівлі,40,101,101,101,101,18,12,15,19,101
що таке кол центр,260,101,101,101,101,101,101,101,101,101
що таке готель,40,101,101,101,101,101,101,101,101,101
що таке бітрікс,20,101,17,9,14,9,9,10,17,15
що таке застосунок,90,101,101,101,101,40,42,101,101,31
що таке канал комунікації,110,101,101,101,101,25,20,21,28,101
програмне забезпечення як послуга,20,101,101,101,101,101,101,101,101,101
програмне забезпечення як послуга saas,10,101,101,101,101,101,101,101,101,101
crm система як працювати,200,101,101,101,101,101,101,101,101,101
як обрати crm,30,101,101,101,101,101,101,101,101,101
як вибрати crm,20,101,101,101,101,101,101,101,101,101
crm-система що це,40,101,101,28,27,101,101,101,101,41
что такое crm система простыми словами,40,101,101,101,101,101,101,101,101,101
crm система що це таке,20,101,101,17,101,81,101,88,84,101
система crm що це,20,101,101,41,101,101,101,101,101,101
що таке crm система в україні,10,101,36,21,34,29,71,75,44,39
crm система как выглядит,10,101,101,101,101,101,101,101,101,101
crm це що,20,101,101,20,101,101,101,101,101,101
що таке crm простими словами,10,101,101,32,42,101,101,101,101,101
lp crm що це,10,101,101,101,101,101,101,101,101,101
навіщо потрібна crm,40,101,101,101,101,101,101,101,101,101
crm для автомойки,10,101,101,101,101,101,101,55,101,101
crm для автосервиса,20,101,101,101,101,101,101,101,101,101
crm для агентства недвижимости,10,101,101,101,101,101,101,101,101,101
crm для адвоката,10,101,101,101,101,101,101,101,101,101
crm для арбитража трафика,10,101,101,101,101,101,101,101,101,101
crm для барбершопа,10,101,101,101,101,101,101,101,101,101
crm для бізнесу,80,101,101,101,101,40,43,42,101,101
crm для бухгалтера,10,101,101,101,101,101,101,101,101,101
crm для виробництва,40,101,101,101,101,101,101,101,101,101
crm для готелів,10,101,12,10,7,6,5,6,8,12
crm для дропшиппинга,80,101,101,101,101,101,101,101,101,101
crm для друкарень,10,30,101,101,101,101,101,101,101,101
crm для запису клієнтів,10,49,13,101,101,101,101,101,101,101
crm для інстаграму,10,101,101,71,101,101,101,101,101,101
crm для інтернет магазину,50,101,101,101,101,101,101,101,101,101
crm для кафе,10,101,101,101,94,101,101,101,101,101
crm для клиники,10,101,101,101,101,101,101,101,101,101
crm для колл центра,10,101,101,101,101,101,101,101,101,101
crm для косметолога,10,101,101,101,101,101,101,101,101,101
crm для косметологии,10,101,101,101,101,101,101,101,101,101
crm для логістики,10,101,101,101,86,101,32,34,101,101
crm для магазина одежды,10,101,101,101,101,101,101,101,101,101
crm для магазину,80,101,101,101,101,101,101,101,101,101
crm для малого бізнесу,40,101,101,80,101,101,101,101,101,101
crm для навчальних закладів,10,14,14,17,13,9,7,9,10,13
crm для нерухомості,20,101,17,17,20,9,10,9,12,14
crm для новичка,40,101,101,101,101,101,101,101,101,101
crm для одностраничников,70,101,101,101,101,101,101,101,101,101
crm для послуг,30,101,54,101,101,30,101,39,40,46
crm для продаж,100,101,101,101,101,101,101,101,101,101
crm для продажів,40,101,101,101,101,101,101,101,101,101
crm для производства,10,101,101,101,101,101,101,101,101,101
crm для психолога,10,101,101,101,101,101,101,101,101,101
crm для репетитора,10,101,101,101,101,101,101,101,101,101
crm для ресторанов,10,101,101,101,101,22,21,24,101,101
crm для розничной торговли,10,101,101,101,101,101,101,101,101,101
crm для сто,40,101,101,101,101,101,101,101,101,101
crm для стоматологии,10,101,101,101,101,101,101,101,101,101
crm для стоматології,10,101,101,101,50,23,30,31,101,101
crm для строительной компании,10,101,101,101,101,101,101,101,101,101
crm для телеграм,10,101,101,101,101,67,101,56,81,101
crm для товарки,100,101,101,101,101,101,101,101,101,101
crm для товарного бізнесу,30,101,101,101,101,101,101,101,101,101
crm для торговли,10,101,101,101,101,101,101,101,101,101
crm для тренажерного зала,10,101,101,101,101,101,101,101,101,101
crm для тренера,10,101,101,101,101,101,101,101,101,101
crm для фітнес клубу,10,101,101,101,101,101,101,101,101,101
crm для фотостудии,10,101,101,101,101,101,101,101,101,101
crm для хостела,10,101,101,101,101,101,101,101,101,101
crm для юристів,50,101,25,27,51,25,22,38,37,14
crm система для бізнесу,30,101,101,101,101,77,43,42,78,101
crm система для інтернет магазинів,40,101,101,101,101,101,101,101,101,101
crm система для інтернет магазину,10,101,101,101,101,101,101,101,101,101
crm система для маркетплейсов,70,101,101,101,101,101,101,101,101,101
crm система для оптових та роздрібних продажів,30,101,101,101,101,76,69,55,101,101
crm система для отдела продаж,40,101,101,101,101,101,101,101,101,101
crm система для продаж,20,101,101,101,101,101,101,101,101,101
crm система для ресторана,10,101,101,101,101,101,101,101,101,101
crm система для сто,10,101,101,101,101,101,101,101,101,101
crm система для товарного бинеса,90,101,101,101,101,101,101,101,101,101
аналог amocrm,260,2,4,,,,,,,
украинский аналог retailcrm,170,101,101,,,,,,,
аналог bitrix,110,6,101,,,,,,,
аналоги битрикса,20,5,6,,,,,,,
аналог битрикс,20,6,6,,,,,,,
аналоги битрикс24,20,5,5,,,,,,,
аналоги битрикс 24,20,5,6,,,,,,,
аналог 1с битрикс,10,101,101,,,,,,,
1с битрикс аналоги,10,25,56,,,,,,,
альтернатива битриксу,10,35,21,,,,,,,
заміна бітрікс24,10,7,6,,,,,,,
аналог bitrix24,10,5,5,,,,,,,
битрикс24 аналог,10,5,5,,,,,,,
аналоги bitrix24,10,5,5,,,,,,,
альтернатива bitrix24,10,5,6,,,,,,,
hubspot аналоги,10,101,42,,,,,,,
bitrix аналоги,10,6,6,,,,,,,
ремонлайн аналоги,10,101,101,,,,,,,
ремонлайн аналог,10,101,101,,,,,,,
remonline аналог,10,101,101,,,,,,,
